Id_Projeto,Autor
44205,Oliveira Tresse
44107,Júlio Gasparette
43978,Luiz Otávio Fernandes Coelho - Pardal
31106,Cido
27368,Cido
46448,Júlio Gasparette
46446,Júlio Gasparette
46444,Júlio Gasparette
46440,Júlio Gasparette
46438,Júlio Gasparette
46436,Júlio Gasparette
46431,Júlio Gasparette
46426,Júlio Gasparette
46422,Júlio Gasparette
46415,Júlio Gasparette
46412,Júlio Gasparette
46569,Noraldino Júnior
46568,Noraldino Júnior
46066,Zé Márcio
46065,Zé Márcio
46073,Wanderson Castelar
46097,Jucelio
46033,Betão
46032,Betão
46179,Oliveira Tresse
46172,Oliveira Tresse
46171,Oliveira Tresse
46170,Oliveira Tresse
46169,Oliveira Tresse
46168,Oliveira Tresse
46164,Oliveira Tresse
46162,Oliveira Tresse
46366,Vagner de Oliveira
46364,Vagner de Oliveira
46362,Vagner de Oliveira
46360,Vagner de Oliveira
46357,Vagner de Oliveira
46354,Vagner de Oliveira
46352,Vagner de Oliveira
46064,Zé Márcio
46063,Zé Márcio
46062,Zé Márcio
46464,Dr. Fiorilo
46463,Dr. Fiorilo
46126,Ana Rossignoli
46310,Luiz Otávio Fernandes Coelho - Pardal
46309,Luiz Otávio Fernandes Coelho - Pardal
46308,Luiz Otávio Fernandes Coelho - Pardal
46307,Luiz Otávio Fernandes Coelho - Pardal
46306,Luiz Otávio Fernandes Coelho - Pardal
46305,Luiz Otávio Fernandes Coelho - Pardal
46304,Luiz Otávio Fernandes Coelho - Pardal
46303,Luiz Otávio Fernandes Coelho - Pardal
46302,Luiz Otávio Fernandes Coelho - Pardal
46299,Luiz Otávio Fernandes Coelho - Pardal
46298,Luiz Otávio Fernandes Coelho - Pardal
46061,Zé Márcio
46060,Zé Márcio
46152,Chico Evangelista
46031,André Mariano
46312,Luiz Otávio Fernandes Coelho - Pardal
46216,"Dr. Fiorilo, Luiz Otávio Fernandes Coelho - Pardal, Wanderson Castelar"
46215,"Dr. Fiorilo, Luiz Otávio Fernandes Coelho - Pardal, Wanderson Castelar"
46211,"Dr. Fiorilo, Luiz Otávio Fernandes Coelho - Pardal, Wanderson Castelar"
