Projeto,Ano,Autor
40520.0,2013.0,Oliveira Tresse
4028.0,2013.0,Júlio Gasparette
36840.0,2013.0,Luiz Otávio Fernandes Coelho - Pardal
891.0,2013.0,Cido
8890.0,2013.0,Cido
5899.0,2013.0,Júlio Gasparette
5898.0,2013.0,Júlio Gasparette
5897.0,2013.0,Júlio Gasparette
5896.0,2013.0,Júlio Gasparette
5895.0,2013.0,Júlio Gasparette
5894.0,2013.0,Júlio Gasparette
5893.0,2013.0,Júlio Gasparette
5892.0,2013.0,Júlio Gasparette
5891.0,2013.0,Júlio Gasparette
5890.0,2013.0,Júlio Gasparette
5889.0,2013.0,Júlio Gasparette
5888.0,2013.0,Noraldino Júnior
5887.0,2013.0,Noraldino Júnior
5886.0,2013.0,Zé Márcio
5885.0,2013.0,Zé Márcio
5884.0,2013.0,Wanderson Castelar
5883.0,2013.0,Jucelio
5882.0,2013.0,Betão
5881.0,2013.0,Betão
5880.0,2013.0,Oliveira Tresse
5879.0,2013.0,Oliveira Tresse
5878.0,2013.0,Oliveira Tresse
5877.0,2013.0,Oliveira Tresse
5876.0,2013.0,Oliveira Tresse
5875.0,2013.0,Oliveira Tresse
5874.0,2013.0,Oliveira Tresse
5873.0,2013.0,Oliveira Tresse
5872.0,2013.0,Vagner de Oliveira
5871.0,2013.0,Vagner de Oliveira
5870.0,2013.0,Vagner de Oliveira
5869.0,2013.0,Vagner de Oliveira
5868.0,2013.0,Vagner de Oliveira
5867.0,2013.0,Vagner de Oliveira
5866.0,2013.0,Vagner de Oliveira
5865.0,2013.0,Zé Márcio
5864.0,2013.0,Zé Márcio
5863.0,2013.0,Zé Márcio
5862.0,2013.0,Dr. Fiorilo
5861.0,2013.0,Dr. Fiorilo
5860.0,2013.0,Ana Rossignoli
5858.0,2013.0,Luiz Otávio Fernandes Coelho - Pardal
5857.0,2013.0,Luiz Otávio Fernandes Coelho - Pardal
5856.0,2013.0,Luiz Otávio Fernandes Coelho - Pardal
5855.0,2013.0,Luiz Otávio Fernandes Coelho - Pardal
5854.0,2013.0,Luiz Otávio Fernandes Coelho - Pardal
5853.0,2013.0,Luiz Otávio Fernandes Coelho - Pardal
5852.0,2013.0,Luiz Otávio Fernandes Coelho - Pardal
5851.0,2013.0,Luiz Otávio Fernandes Coelho - Pardal
5850.0,2013.0,Luiz Otávio Fernandes Coelho - Pardal
5849.0,2013.0,Luiz Otávio Fernandes Coelho - Pardal
5848.0,2013.0,Luiz Otávio Fernandes Coelho - Pardal
5847.0,2013.0,Zé Márcio
5846.0,2013.0,Zé Márcio
5845.0,2013.0,Chico Evangelista
5844.0,2013.0,André Mariano
5843.0,2013.0,Luiz Otávio Fernandes Coelho - Pardal
5842.0,2013.0,"Dr. Fiorilo, Luiz Otávio Fernandes Coelho - Pardal, Wanderson Castelar"
5841.0,2013.0,"Dr. Fiorilo, Luiz Otávio Fernandes Coelho - Pardal, Wanderson Castelar"
5840.0,2013.0,"Dr. Fiorilo, Luiz Otávio Fernandes Coelho - Pardal, Wanderson Castelar"
5839.0,2013.0,Wanderson Castelar
5838.0,2013.0,Wanderson Castelar
5837.0,2013.0,Wanderson Castelar
5836.0,2013.0,Oliveira Tresse
5835.0,2013.0,Oliveira Tresse
5834.0,2013.0,Oliveira Tresse
5833.0,2013.0,Oliveira Tresse
5832.0,2013.0,Oliveira Tresse
5831.0,2013.0,Oliveira Tresse
5830.0,2013.0,Oliveira Tresse
5829.0,2013.0,Oliveira Tresse
5828.0,2013.0,Oliveira Tresse
5827.0,2013.0,Oliveira Tresse
5826.0,2013.0,Oliveira Tresse
5825.0,2013.0,Oliveira Tresse
5824.0,2013.0,Oliveira Tresse
5823.0,2013.0,Dr. Fiorilo
5822.0,2013.0,Cido Reis
5820.0,2013.0,Noraldino Júnior
5819.0,2013.0,Chico Evangelista
5818.0,2013.0,Cido Reis
5817.0,2013.0,Cido Reis
5816.0,2013.0,Cido Reis
5815.0,2013.0,Cido Reis
5814.0,2013.0,Cido Reis
5813.0,2013.0,Cido Reis
5812.0,2013.0,Cido Reis
5811.0,2013.0,Vagner de Oliveira
5810.0,2013.0,Vagner de Oliveira
5809.0,2013.0,Betão
5808.0,2013.0,Betão
5807.0,2013.0,Betão
5806.0,2013.0,Betão
5805.0,2013.0,Betão
5804.0,2013.0,Betão
5803.0,2013.0,Betão
5802.0,2013.0,Vagner de Oliveira
5801.0,2013.0,Vagner de Oliveira
5800.0,2013.0,Vagner de Oliveira
5799.0,2013.0,Vagner de Oliveira
5798.0,2013.0,Jucelio
5797.0,2013.0,Jucelio
5796.0,2013.0,Noraldino Júnior
5795.0,2013.0,Isauro Calais
5794.0,2013.0,Isauro Calais
5793.0,2013.0,Cido Reis
5792.0,2013.0,Cido Reis
5791.0,2013.0,Cido Reis
5790.0,2013.0,Cido Reis
5789.0,2013.0,Cido Reis
5788.0,2013.0,Cido Reis
5787.0,2013.0,Cido Reis
5786.0,2013.0,Cido Reis
5785.0,2013.0,Cido Reis
5784.0,2013.0,Cido Reis
5783.0,2013.0,Cido Reis
5782.0,2013.0,Luiz Otávio Fernandes Coelho - Pardal
5781.0,2013.0,Wanderson Castelar
5780.0,2013.0,Wanderson Castelar
5779.0,2013.0,Júlio Gasparette
5778.0,2013.0,Júlio Gasparette
5777.0,2013.0,Júlio Gasparette
5776.0,2013.0,Júlio Gasparette
5775.0,2013.0,Júlio Gasparette
5774.0,2013.0,Júlio Gasparette
5773.0,2013.0,Júlio Gasparette
5772.0,2013.0,Júlio Gasparette
5771.0,2013.0,Noraldino Júnior
5770.0,2013.0,Noraldino Júnior
5769.0,2013.0,Noraldino Júnior
5768.0,2013.0,Noraldino Júnior
5766.0,2013.0,Noraldino Júnior
5765.0,2013.0,Noraldino Júnior
5764.0,2013.0,Noraldino Júnior
5763.0,2013.0,Dr. Fiorilo
5762.0,2013.0,Dr. Fiorilo
5761.0,2013.0,Dr. Fiorilo
5760.0,2013.0,Cido Reis
5759.0,2013.0,Cido Reis
5758.0,2013.0,Cido Reis
5757.0,2013.0,Cido Reis
5756.0,2013.0,Cido Reis
5755.0,2013.0,Zé Márcio
5754.0,2013.0,Chico Evangelista
5753.0,2013.0,Cido Reis
5751.0,2013.0,Dr. Antônio Aguiar
5750.0,2013.0,Dr. Antônio Aguiar
5749.0,2013.0,Dr. Antônio Aguiar
5748.0,2013.0,Dr. Antônio Aguiar
5747.0,2013.0,Luiz Otávio Fernandes Coelho - Pardal
5745.0,2013.0,Oliveira Tresse
5744.0,2013.0,Oliveira Tresse
5743.0,2013.0,Oliveira Tresse
5742.0,2013.0,Cido Reis
5741.0,2013.0,Cido Reis
5740.0,2013.0,Cido Reis
5739.0,2013.0,Vagner de Oliveira
5738.0,2013.0,Dr. Fiorilo
5737.0,2013.0,Zé Márcio
5736.0,2013.0,Chico Evangelista
5735.0,2013.0,Ana Rossignoli
5734.0,2013.0,Luiz Otávio Fernandes Coelho - Pardal
5733.0,2013.0,Júlio Gasparette
5732.0,2013.0,Júlio Gasparette
5731.0,2013.0,Júlio Gasparette
5730.0,2013.0,Dr. Fiorilo
5729.0,2013.0,Dr. Fiorilo
5728.0,2013.0,Dr. Fiorilo
5727.0,2013.0,Isauro Calais
5726.0,2013.0,Isauro Calais
5725.0,2013.0,Ana Rossignoli
5724.0,2013.0,Ana Rossignoli
5723.0,2013.0,Jucelio
5722.0,2013.0,Júlio Gasparette
5721.0,2013.0,Júlio Gasparette
5720.0,2013.0,Júlio Gasparette
5719.0,2013.0,Júlio Gasparette
5718.0,2013.0,Júlio Gasparette
5717.0,2013.0,Júlio Gasparette
5716.0,2013.0,Júlio Gasparette
5715.0,2013.0,Júlio Gasparette
5714.0,2013.0,Júlio Gasparette
5713.0,2013.0,Júlio Gasparette
5712.0,2013.0,Júlio Gasparette
5711.0,2013.0,Júlio Gasparette
5710.0,2013.0,Júlio Gasparette
5709.0,2013.0,Júlio Gasparette
5708.0,2013.0,Júlio Gasparette
5707.0,2013.0,Noraldino Júnior
5706.0,2013.0,Noraldino Júnior
5705.0,2013.0,Noraldino Júnior
5704.0,2013.0,Noraldino Júnior
5703.0,2013.0,Noraldino Júnior
5702.0,2013.0,Noraldino Júnior
5701.0,2013.0,Noraldino Júnior
5700.0,2013.0,Noraldino Júnior
5699.0,2013.0,Noraldino Júnior
5698.0,2013.0,Noraldino Júnior
5697.0,2013.0,Noraldino Júnior
5696.0,2013.0,Noraldino Júnior
5695.0,2013.0,Noraldino Júnior
5694.0,2013.0,Noraldino Júnior
5693.0,2013.0,Noraldino Júnior
5692.0,2013.0,Noraldino Júnior
5691.0,2013.0,Luiz Otávio Fernandes Coelho - Pardal
5690.0,2013.0,Luiz Otávio Fernandes Coelho - Pardal
5689.0,2013.0,Luiz Otávio Fernandes Coelho - Pardal
5688.0,2013.0,Luiz Otávio Fernandes Coelho - Pardal
5686.0,2013.0,Luiz Otávio Fernandes Coelho - Pardal
5685.0,2013.0,Luiz Otávio Fernandes Coelho - Pardal
5684.0,2013.0,Luiz Otávio Fernandes Coelho - Pardal
5683.0,2013.0,Dr. Fiorilo
5682.0,2013.0,Dr. Fiorilo
5681.0,2013.0,Dr. Fiorilo
5680.0,2013.0,Dr. Antônio Aguiar
5679.0,2013.0,Dr. Antônio Aguiar
5678.0,2013.0,Cido Reis
5675.0,2013.0,Júlio Gasparette
5674.0,2013.0,Júlio Gasparette
5673.0,2013.0,Júlio Gasparette
5672.0,2013.0,Júlio Gasparette
5671.0,2013.0,Júlio Gasparette
5670.0,2013.0,Júlio Gasparette
5669.0,2013.0,Júlio Gasparette
5668.0,2013.0,Júlio Gasparette
5667.0,2013.0,Jucelio
5666.0,2013.0,Jucelio
5665.0,2013.0,Jucelio
5664.0,2013.0,Jucelio
5663.0,2013.0,Jucelio
5662.0,2013.0,Nilton Militão
5661.0,2013.0,Nilton Militão
5660.0,2013.0,Nilton Militão
5659.0,2013.0,Chico Evangelista
5658.0,2013.0,Dr. Antônio Aguiar
5657.0,2013.0,Noraldino Júnior
5656.0,2013.0,Noraldino Júnior
5655.0,2013.0,Noraldino Júnior
5654.0,2013.0,Noraldino Júnior
5653.0,2013.0,Noraldino Júnior
5652.0,2013.0,Noraldino Júnior
5651.0,2013.0,Noraldino Júnior
5650.0,2013.0,Noraldino Júnior
5649.0,2013.0,Noraldino Júnior
5648.0,2013.0,Noraldino Júnior
5647.0,2013.0,Noraldino Júnior
5646.0,2013.0,Noraldino Júnior
5645.0,2013.0,Noraldino Júnior
5644.0,2013.0,Noraldino Júnior
5643.0,2013.0,Noraldino Júnior
5642.0,2013.0,Noraldino Júnior
5641.0,2013.0,Noraldino Júnior
5640.0,2013.0,Noraldino Júnior
5639.0,2013.0,Noraldino Júnior
5638.0,2013.0,Noraldino Júnior
5637.0,2013.0,Noraldino Júnior
5636.0,2013.0,Vagner de Oliveira
5635.0,2013.0,Vagner de Oliveira
5634.0,2013.0,Dr. Fiorilo
5633.0,2013.0,Dr. Fiorilo
5632.0,2013.0,Dr. Fiorilo
5631.0,2013.0,Dr. Fiorilo
5630.0,2013.0,Dr. Fiorilo
5629.0,2013.0,Dr. Fiorilo
5628.0,2013.0,Isauro Calais
5627.0,2013.0,Isauro Calais
5626.0,2013.0,Isauro Calais
5625.0,2013.0,Isauro Calais
5624.0,2013.0,Isauro Calais
5623.0,2013.0,Isauro Calais
5622.0,2013.0,Isauro Calais
5620.0,2013.0,Júlio Gasparette
5619.0,2013.0,Júlio Gasparette
5618.0,2013.0,Júlio Gasparette
5617.0,2013.0,Júlio Gasparette
5616.0,2013.0,Júlio Gasparette
5615.0,2013.0,Júlio Gasparette
5614.0,2013.0,Júlio Gasparette
5613.0,2013.0,Júlio Gasparette
5612.0,2013.0,Júlio Gasparette
5611.0,2013.0,Júlio Gasparette
5610.0,2013.0,Noraldino Júnior
5609.0,2013.0,Noraldino Júnior
5608.0,2013.0,Noraldino Júnior
5607.0,2013.0,Noraldino Júnior
5606.0,2013.0,Noraldino Júnior
5605.0,2013.0,Noraldino Júnior
5604.0,2013.0,Noraldino Júnior
5603.0,2013.0,Noraldino Júnior
5602.0,2013.0,Noraldino Júnior
5601.0,2013.0,Noraldino Júnior
5600.0,2013.0,Noraldino Júnior
5599.0,2013.0,Noraldino Júnior
5598.0,2013.0,Noraldino Júnior
5597.0,2013.0,Noraldino Júnior
5596.0,2013.0,Noraldino Júnior
5595.0,2013.0,Luiz Otávio Fernandes Coelho - Pardal
5594.0,2013.0,Luiz Otávio Fernandes Coelho - Pardal
5593.0,2013.0,Dr. Fiorilo
5592.0,2013.0,Dr. Fiorilo
5591.0,2013.0,Dr. Fiorilo
5590.0,2013.0,Dr. Fiorilo
5589.0,2013.0,Dr. Fiorilo
5588.0,2013.0,Dr. Fiorilo
5587.0,2013.0,Dr. Fiorilo
5586.0,2013.0,Rodrigo Mattos
5585.0,2013.0,Chico Evangelista
5584.0,2013.0,Dr. Antônio Aguiar
5583.0,2013.0,Wanderson Castelar
5582.0,2013.0,Wanderson Castelar
5581.0,2013.0,Vagner de Oliveira
5580.0,2013.0,Vagner de Oliveira
5579.0,2013.0,Vagner de Oliveira
5577.0,2013.0,Vagner de Oliveira
5576.0,2013.0,Vagner de Oliveira
5575.0,2013.0,Vagner de Oliveira
5574.0,2013.0,Vagner de Oliveira
5573.0,2013.0,Vagner de Oliveira
5572.0,2013.0,Vagner de Oliveira
5571.0,2013.0,Vagner de Oliveira
5570.0,2013.0,Vagner de Oliveira
5569.0,2013.0,Vagner de Oliveira
5568.0,2013.0,Vagner de Oliveira
5567.0,2013.0,Vagner de Oliveira
5566.0,2013.0,Vagner de Oliveira
5565.0,2013.0,Vagner de Oliveira
5564.0,2013.0,Vagner de Oliveira
5563.0,2013.0,Luiz Otávio Fernandes Coelho - Pardal
5562.0,2013.0,Luiz Otávio Fernandes Coelho - Pardal
5561.0,2013.0,Luiz Otávio Fernandes Coelho - Pardal
5560.0,2013.0,Luiz Otávio Fernandes Coelho - Pardal
5559.0,2013.0,Luiz Otávio Fernandes Coelho - Pardal
5558.0,2013.0,Luiz Otávio Fernandes Coelho - Pardal
5557.0,2013.0,Dr. Fiorilo
5556.0,2013.0,Dr. Fiorilo
5555.0,2013.0,Dr. Fiorilo
5554.0,2013.0,Dr. Fiorilo
5553.0,2013.0,Dr. Fiorilo
5552.0,2013.0,Dr. Fiorilo
5551.0,2013.0,Dr. Fiorilo
5550.0,2013.0,Dr. Fiorilo
5549.0,2013.0,Dr. Fiorilo
5548.0,2013.0,Dr. Fiorilo
5547.0,2013.0,Dr. Fiorilo
5546.0,2013.0,Dr. Fiorilo
5545.0,2013.0,Dr. Fiorilo
5544.0,2013.0,Dr. Fiorilo
5543.0,2013.0,Dr. Fiorilo
5542.0,2013.0,Dr. Fiorilo
5541.0,2013.0,Isauro Calais
5540.0,2013.0,Isauro Calais
5539.0,2013.0,Chico Evangelista
5538.0,2013.0,Chico Evangelista
5537.0,2013.0,Chico Evangelista
5536.0,2013.0,Chico Evangelista
5535.0,2013.0,Chico Evangelista
5534.0,2013.0,Chico Evangelista
5533.0,2013.0,Chico Evangelista
5532.0,2013.0,Chico Evangelista
5531.0,2013.0,Chico Evangelista
5530.0,2013.0,Cido Reis
5529.0,2013.0,Cido Reis
5528.0,2013.0,Cido Reis
5527.0,2013.0,Cido Reis
5526.0,2013.0,Cido Reis
5525.0,2013.0,Cido Reis
5523.0,2013.0,Cido Reis
5522.0,2013.0,Cido Reis
5521.0,2013.0,Cido Reis
5520.0,2013.0,Cido Reis
5519.0,2013.0,Cido Reis
5518.0,2013.0,Cido Reis
5517.0,2013.0,Cido Reis
5516.0,2013.0,Cido Reis
5515.0,2013.0,Cido Reis
5514.0,2013.0,Cido Reis
5513.0,2013.0,Cido Reis
5512.0,2013.0,Cido Reis
5511.0,2013.0,Jucelio
5510.0,2013.0,Zé Márcio
5509.0,2013.0,Oliveira Tresse
5508.0,2013.0,Oliveira Tresse
5507.0,2013.0,Oliveira Tresse
5506.0,2013.0,Jucelio
5505.0,2013.0,Jucelio
5504.0,2013.0,Jucelio
5503.0,2013.0,Jucelio
5502.0,2013.0,Jucelio
5501.0,2013.0,Jucelio
5500.0,2013.0,Jucelio
5499.0,2013.0,Jucelio
5498.0,2013.0,Jucelio
5497.0,2013.0,Jucelio
5496.0,2013.0,Jucelio
5495.0,2013.0,Jucelio
5494.0,2013.0,Jucelio
5493.0,2013.0,Jucelio
5492.0,2013.0,Dr. Antônio Aguiar
5490.0,2013.0,Dr. Antônio Aguiar
5489.0,2013.0,Dr. Antônio Aguiar
5488.0,2013.0,Dr. Antônio Aguiar
5487.0,2013.0,Dr. Antônio Aguiar
5486.0,2013.0,Dr. Antônio Aguiar
5485.0,2013.0,Dr. Antônio Aguiar
5484.0,2013.0,Dr. Antônio Aguiar
5483.0,2013.0,Ana Rossignoli
5482.0,2013.0,Ana Rossignoli
5481.0,2013.0,Wanderson Castelar
5480.0,2013.0,Júlio Gasparette
5479.0,2013.0,Júlio Gasparette
5478.0,2013.0,Júlio Gasparette
5477.0,2013.0,Júlio Gasparette
5476.0,2013.0,Júlio Gasparette
5475.0,2013.0,Júlio Gasparette
5474.0,2013.0,Júlio Gasparette
5473.0,2013.0,Júlio Gasparette
5472.0,2013.0,Júlio Gasparette
5471.0,2013.0,Júlio Gasparette
5470.0,2013.0,Noraldino Júnior
5469.0,2013.0,Noraldino Júnior
5468.0,2013.0,Noraldino Júnior
5467.0,2013.0,Noraldino Júnior
5466.0,2013.0,Noraldino Júnior
5465.0,2013.0,Noraldino Júnior
5464.0,2013.0,Noraldino Júnior
5463.0,2013.0,Noraldino Júnior
5462.0,2013.0,Noraldino Júnior
5461.0,2013.0,Noraldino Júnior
5460.0,2013.0,Noraldino Júnior
5459.0,2013.0,Noraldino Júnior
5458.0,2013.0,Noraldino Júnior
5457.0,2013.0,Noraldino Júnior
5456.0,2013.0,Noraldino Júnior
5455.0,2013.0,Noraldino Júnior
5454.0,2013.0,Nilton Militão
5453.0,2013.0,Nilton Militão
5452.0,2013.0,Nilton Militão
5451.0,2013.0,Nilton Militão
5450.0,2013.0,Nilton Militão
5449.0,2013.0,Nilton Militão
5448.0,2013.0,Nilton Militão
5447.0,2013.0,Nilton Militão
5446.0,2013.0,Nilton Militão
5445.0,2013.0,Nilton Militão
5444.0,2013.0,Nilton Militão
5443.0,2013.0,Dr. Fiorilo
5442.0,2013.0,Dr. Fiorilo
5441.0,2013.0,Dr. Fiorilo
5440.0,2013.0,Vagner de Oliveira
5439.0,2013.0,Vagner de Oliveira
5438.0,2013.0,Vagner de Oliveira
5437.0,2013.0,Vagner de Oliveira
5436.0,2013.0,Cido Reis
5435.0,2013.0,Cido Reis
5434.0,2013.0,Cido Reis
5433.0,2013.0,Cido Reis
5432.0,2013.0,Cido Reis
5431.0,2013.0,Cido Reis
5430.0,2013.0,Cido Reis
5429.0,2013.0,Wanderson Castelar
5428.0,2013.0,Wanderson Castelar
5427.0,2013.0,Oliveira Tresse
5426.0,2013.0,Oliveira Tresse
5425.0,2013.0,Oliveira Tresse
5424.0,2013.0,Oliveira Tresse
5423.0,2013.0,Luiz Otávio Fernandes Coelho - Pardal
5422.0,2013.0,Luiz Otávio Fernandes Coelho - Pardal
5421.0,2013.0,Luiz Otávio Fernandes Coelho - Pardal
5420.0,2013.0,Cido Reis
5419.0,2013.0,Cido Reis
5418.0,2013.0,Cido Reis
5417.0,2013.0,Cido Reis
5416.0,2013.0,Cido Reis
5415.0,2013.0,Cido Reis
5414.0,2013.0,André Mariano
5413.0,2013.0,André Mariano
5412.0,2013.0,André Mariano
5411.0,2013.0,Chico Evangelista
5409.0,2013.0,Noraldino Júnior
5408.0,2013.0,Noraldino Júnior
5407.0,2013.0,Noraldino Júnior
5406.0,2013.0,Noraldino Júnior
5405.0,2013.0,Noraldino Júnior
5404.0,2013.0,Noraldino Júnior
5403.0,2013.0,Noraldino Júnior
5402.0,2013.0,Noraldino Júnior
5401.0,2013.0,Noraldino Júnior
5400.0,2013.0,Noraldino Júnior
5399.0,2013.0,Noraldino Júnior
5397.0,2013.0,Noraldino Júnior
5396.0,2013.0,Noraldino Júnior
5395.0,2013.0,Noraldino Júnior
5394.0,2013.0,Noraldino Júnior
5393.0,2013.0,Noraldino Júnior
5392.0,2013.0,Noraldino Júnior
5391.0,2013.0,Noraldino Júnior
5390.0,2013.0,Noraldino Júnior
5389.0,2013.0,Dr. Fiorilo
5388.0,2013.0,Dr. Fiorilo
5387.0,2013.0,Dr. Fiorilo
5386.0,2013.0,Jucelio
5385.0,2013.0,Wanderson Castelar
5384.0,2013.0,Wanderson Castelar
5383.0,2013.0,Wanderson Castelar
5382.0,2013.0,Betão
5381.0,2013.0,Betão
5380.0,2013.0,Betão
5379.0,2013.0,Betão
5378.0,2013.0,Betão
5377.0,2013.0,Betão
5376.0,2013.0,Noraldino Júnior
5375.0,2013.0,Noraldino Júnior
5374.0,2013.0,Noraldino Júnior
5373.0,2013.0,Noraldino Júnior
5372.0,2013.0,Noraldino Júnior
5371.0,2013.0,Noraldino Júnior
5370.0,2013.0,Noraldino Júnior
5369.0,2013.0,Noraldino Júnior
5368.0,2013.0,Noraldino Júnior
5367.0,2013.0,Noraldino Júnior
5366.0,2013.0,Noraldino Júnior
5365.0,2013.0,Noraldino Júnior
5364.0,2013.0,Noraldino Júnior
5363.0,2013.0,Noraldino Júnior
5362.0,2013.0,Noraldino Júnior
5361.0,2013.0,Noraldino Júnior
5360.0,2013.0,Noraldino Júnior
5359.0,2013.0,Noraldino Júnior
5358.0,2013.0,Nilton Militão
5357.0,2013.0,Nilton Militão
5356.0,2013.0,Nilton Militão
5355.0,2013.0,Nilton Militão
5354.0,2013.0,Nilton Militão
5353.0,2013.0,Nilton Militão
5352.0,2013.0,Nilton Militão
5351.0,2013.0,Nilton Militão
5350.0,2013.0,Nilton Militão
5349.0,2013.0,Nilton Militão
5348.0,2013.0,Luiz Otávio Fernandes Coelho - Pardal
5347.0,2013.0,Luiz Otávio Fernandes Coelho - Pardal
5346.0,2013.0,Vagner de Oliveira
5345.0,2013.0,Vagner de Oliveira
5344.0,2013.0,Vagner de Oliveira
5343.0,2013.0,Chico Evangelista
5342.0,2013.0,Chico Evangelista
5341.0,2013.0,Dr. Fiorilo
5340.0,2013.0,Dr. Fiorilo
5339.0,2013.0,Wanderson Castelar
5336.0,2013.0,"Ana Rossignoli, Dr. Antônio Aguiar, Luiz Otávio Fernandes Coelho - Pardal, Betão"
5335.0,2013.0,Júlio Gasparette
5334.0,2013.0,Júlio Gasparette
5333.0,2013.0,Júlio Gasparette
5332.0,2013.0,Júlio Gasparette
5331.0,2013.0,Júlio Gasparette
5330.0,2013.0,Júlio Gasparette
5329.0,2013.0,Betão
5328.0,2013.0,Betão
5327.0,2013.0,Betão
5326.0,2013.0,Nilton Militão
5325.0,2013.0,Nilton Militão
5324.0,2013.0,Nilton Militão
5323.0,2013.0,Nilton Militão
5322.0,2013.0,Nilton Militão
5321.0,2013.0,Nilton Militão
5320.0,2013.0,Luiz Otávio Fernandes Coelho - Pardal
5319.0,2013.0,Luiz Otávio Fernandes Coelho - Pardal
5318.0,2013.0,Luiz Otávio Fernandes Coelho - Pardal
5317.0,2013.0,Luiz Otávio Fernandes Coelho - Pardal
5316.0,2013.0,Luiz Otávio Fernandes Coelho - Pardal
5315.0,2013.0,Luiz Otávio Fernandes Coelho - Pardal
5314.0,2013.0,Luiz Otávio Fernandes Coelho - Pardal
5313.0,2013.0,Chico Evangelista
5312.0,2013.0,Chico Evangelista
5311.0,2013.0,Chico Evangelista
5310.0,2013.0,Chico Evangelista
5309.0,2013.0,Cido Reis
5308.0,2013.0,Cido Reis
5307.0,2013.0,Cido Reis
5306.0,2013.0,Cido Reis
5305.0,2013.0,Cido Reis
5304.0,2013.0,Dr. Antônio Aguiar
5303.0,2013.0,Dr. Antônio Aguiar
5302.0,2013.0,Dr. Antônio Aguiar
5301.0,2013.0,Dr. Antônio Aguiar
5300.0,2013.0,Ana Rossignoli
5299.0,2013.0,Ana Rossignoli
5298.0,2013.0,Ana Rossignoli
5297.0,2013.0,Ana Rossignoli
5296.0,2013.0,Dr. Fiorilo
5295.0,2013.0,Júlio Gasparette
5294.0,2013.0,Isauro Calais
5293.0,2013.0,Isauro Calais
5292.0,2013.0,Isauro Calais
5291.0,2013.0,Isauro Calais
5290.0,2013.0,Isauro Calais
5289.0,2013.0,Isauro Calais
5288.0,2013.0,Cido Reis
5287.0,2013.0,Cido Reis
5286.0,2013.0,Cido Reis
5285.0,2013.0,Cido Reis
5284.0,2013.0,Cido Reis
5283.0,2013.0,Cido Reis
5282.0,2013.0,Cido Reis
5281.0,2013.0,Cido Reis
5280.0,2013.0,Cido Reis
5279.0,2013.0,Cido Reis
5278.0,2013.0,Cido Reis
5277.0,2013.0,Cido Reis
5276.0,2013.0,Isauro Calais
5275.0,2013.0,Chico Evangelista
5274.0,2013.0,Dr. Antônio Aguiar
5273.0,2013.0,Júlio Gasparette
5272.0,2013.0,Júlio Gasparette
5271.0,2013.0,Júlio Gasparette
5270.0,2013.0,Júlio Gasparette
5269.0,2013.0,Júlio Gasparette
5268.0,2013.0,Júlio Gasparette
5267.0,2013.0,Júlio Gasparette
5266.0,2013.0,Júlio Gasparette
5265.0,2013.0,Noraldino Júnior
5264.0,2013.0,Noraldino Júnior
5263.0,2013.0,Noraldino Júnior
5262.0,2013.0,Noraldino Júnior
5261.0,2013.0,Noraldino Júnior
5260.0,2013.0,Noraldino Júnior
5259.0,2013.0,Noraldino Júnior
5258.0,2013.0,Noraldino Júnior
5257.0,2013.0,Noraldino Júnior
5256.0,2013.0,Noraldino Júnior
5255.0,2013.0,Noraldino Júnior
5254.0,2013.0,Noraldino Júnior
5253.0,2013.0,Noraldino Júnior
5252.0,2013.0,Noraldino Júnior
5251.0,2013.0,Noraldino Júnior
5250.0,2013.0,Noraldino Júnior
5249.0,2013.0,Noraldino Júnior
5248.0,2013.0,Noraldino Júnior
5247.0,2013.0,Noraldino Júnior
5246.0,2013.0,Nilton Militão
5245.0,2013.0,Nilton Militão
5244.0,2013.0,Nilton Militão
5243.0,2013.0,Nilton Militão
5242.0,2013.0,Nilton Militão
5241.0,2013.0,Nilton Militão
5240.0,2013.0,Nilton Militão
5239.0,2013.0,Nilton Militão
5238.0,2013.0,Nilton Militão
5237.0,2013.0,Nilton Militão
5236.0,2013.0,Nilton Militão
5235.0,2013.0,Nilton Militão
5234.0,2013.0,Nilton Militão
5233.0,2013.0,Nilton Militão
5232.0,2013.0,Nilton Militão
5231.0,2013.0,Nilton Militão
5230.0,2013.0,Jucelio
5229.0,2013.0,Jucelio
5228.0,2013.0,Dr. Fiorilo
5227.0,2013.0,Dr. Fiorilo
5226.0,2013.0,Dr. Fiorilo
5225.0,2013.0,Dr. Fiorilo
5224.0,2013.0,Dr. Fiorilo
5223.0,2013.0,Dr. Fiorilo
5222.0,2013.0,Luiz Otávio Fernandes Coelho - Pardal
5221.0,2013.0,Cido Reis
5220.0,2013.0,Cido Reis
5219.0,2013.0,Ana Rossignoli
5218.0,2013.0,Ana Rossignoli
5217.0,2013.0,Vagner de Oliveira
5216.0,2013.0,Vagner de Oliveira
5215.0,2013.0,Oliveira Tresse
5214.0,2013.0,Oliveira Tresse
5213.0,2013.0,Oliveira Tresse
5212.0,2013.0,Noraldino Júnior
5211.0,2013.0,Noraldino Júnior
5210.0,2013.0,Noraldino Júnior
5209.0,2013.0,Noraldino Júnior
5208.0,2013.0,Noraldino Júnior
5207.0,2013.0,Noraldino Júnior
5206.0,2013.0,Noraldino Júnior
5205.0,2013.0,Noraldino Júnior
5204.0,2013.0,Nilton Militão
5203.0,2013.0,Nilton Militão
5202.0,2013.0,Nilton Militão
5201.0,2013.0,Nilton Militão
5200.0,2013.0,Nilton Militão
5199.0,2013.0,Nilton Militão
5198.0,2013.0,Nilton Militão
5197.0,2013.0,Nilton Militão
5196.0,2013.0,Nilton Militão
5195.0,2013.0,Nilton Militão
5194.0,2013.0,Luiz Otávio Fernandes Coelho - Pardal
5193.0,2013.0,Luiz Otávio Fernandes Coelho - Pardal
5192.0,2013.0,Luiz Otávio Fernandes Coelho - Pardal
5191.0,2013.0,Luiz Otávio Fernandes Coelho - Pardal
5190.0,2013.0,Jucelio
5189.0,2013.0,Jucelio
5188.0,2013.0,Jucelio
5187.0,2013.0,Jucelio
5186.0,2013.0,Jucelio
5185.0,2013.0,Jucelio
5184.0,2013.0,Dr. Fiorilo
5183.0,2013.0,Dr. Fiorilo
5182.0,2013.0,Dr. Fiorilo
5181.0,2013.0,Dr. Fiorilo
5180.0,2013.0,Dr. Fiorilo
5179.0,2013.0,Dr. Fiorilo
5178.0,2013.0,Dr. Fiorilo
5177.0,2013.0,Dr. Fiorilo
5176.0,2013.0,Dr. Fiorilo
5175.0,2013.0,Dr. Fiorilo
5174.0,2013.0,Dr. Fiorilo
5173.0,2013.0,Dr. Fiorilo
5172.0,2013.0,Dr. Fiorilo
5171.0,2013.0,Dr. Fiorilo
5170.0,2013.0,Dr. Fiorilo
5169.0,2013.0,Dr. Fiorilo
5168.0,2013.0,Dr. Fiorilo
5167.0,2013.0,Dr. Fiorilo
5166.0,2013.0,Dr. Fiorilo
5165.0,2013.0,Dr. Fiorilo
5164.0,2013.0,Dr. Fiorilo
5163.0,2013.0,Isauro Calais
5162.0,2013.0,Isauro Calais
5161.0,2013.0,Isauro Calais
5160.0,2013.0,Isauro Calais
5159.0,2013.0,Isauro Calais
5158.0,2013.0,Chico Evangelista
5157.0,2013.0,Chico Evangelista
5156.0,2013.0,Chico Evangelista
5155.0,2013.0,Chico Evangelista
5154.0,2013.0,Chico Evangelista
5153.0,2013.0,Chico Evangelista
5152.0,2013.0,Chico Evangelista
5151.0,2013.0,Chico Evangelista
5150.0,2013.0,Cido Reis
5149.0,2013.0,Cido Reis
5148.0,2013.0,Cido Reis
5147.0,2013.0,Cido Reis
5146.0,2013.0,Cido Reis
5145.0,2013.0,Cido Reis
5144.0,2013.0,Cido Reis
5143.0,2013.0,Cido Reis
5142.0,2013.0,Cido Reis
5141.0,2013.0,Cido Reis
5140.0,2013.0,Cido Reis
5139.0,2013.0,Dr. Antônio Aguiar
5138.0,2013.0,Dr. Antônio Aguiar
5137.0,2013.0,Dr. Antônio Aguiar
5136.0,2013.0,André Mariano
5135.0,2013.0,André Mariano
5134.0,2013.0,André Mariano
5133.0,2013.0,André Mariano
5132.0,2013.0,André Mariano
5131.0,2013.0,André Mariano
5130.0,2013.0,André Mariano
5129.0,2013.0,André Mariano
5128.0,2013.0,André Mariano
5127.0,2013.0,André Mariano
5126.0,2013.0,André Mariano
5125.0,2013.0,André Mariano
5124.0,2013.0,André Mariano
5123.0,2013.0,André Mariano
5122.0,2013.0,Wanderson Castelar
5121.0,2013.0,Zé Márcio
5120.0,2013.0,Júlio Gasparette
5119.0,2013.0,Noraldino Júnior
5118.0,2013.0,Isauro Calais
5117.0,2013.0,"Ana Rossignoli, André Mariano, Antônio Almas, Dr. Antônio Aguiar, Cido Reis, Chico Evangelista, Vagner de Oliveira, Isauro Calais, Dr. Fiorilo, Zé Márcio, João do Joaninho, Jucelio, Júlio Gasparette, Luiz Otávio Fernandes Coelho - Pardal, Nilton Militão, Noraldino Júnior, Oliveira Tresse, Betão, Rodrigo Mattos, Wanderson Castelar"
5116.0,2013.0,"Isauro Calais, Ana Rossignoli, André Mariano, Dr. Antônio Aguiar, Cido Reis, Chico Evangelista, Vagner de Oliveira, Dr. Fiorilo, Zé Márcio, João do Joaninho, Jucelio, Júlio Gasparette, Luiz Otávio Fernandes Coelho - Pardal, Nilton Militão, Noraldino Júnior, Oliveira Tresse, Betão, Rodrigo Mattos, Wanderson Castelar"
5115.0,2013.0,Júlio Gasparette
5114.0,2013.0,Júlio Gasparette
5113.0,2013.0,Júlio Gasparette
5112.0,2013.0,Júlio Gasparette
5111.0,2013.0,Júlio Gasparette
5110.0,2013.0,Júlio Gasparette
5109.0,2013.0,Júlio Gasparette
5108.0,2013.0,Júlio Gasparette
5107.0,2013.0,Júlio Gasparette
5106.0,2013.0,Júlio Gasparette
5105.0,2013.0,Nilton Militão
5104.0,2013.0,Nilton Militão
5103.0,2013.0,Noraldino Júnior
5102.0,2013.0,Noraldino Júnior
5101.0,2013.0,Noraldino Júnior
5100.0,2013.0,Noraldino Júnior
5099.0,2013.0,Noraldino Júnior
5098.0,2013.0,Noraldino Júnior
5097.0,2013.0,Noraldino Júnior
5096.0,2013.0,Noraldino Júnior
5095.0,2013.0,Noraldino Júnior
5094.0,2013.0,Noraldino Júnior
5093.0,2013.0,Noraldino Júnior
5092.0,2013.0,Noraldino Júnior
5091.0,2013.0,Dr. Fiorilo
5090.0,2013.0,Dr. Fiorilo
5089.0,2013.0,Dr. Fiorilo
5088.0,2013.0,Dr. Fiorilo
5087.0,2013.0,Dr. Fiorilo
5086.0,2013.0,Dr. Fiorilo
5085.0,2013.0,Dr. Fiorilo
5084.0,2013.0,Dr. Fiorilo
5083.0,2013.0,Dr. Fiorilo
5082.0,2013.0,Dr. Fiorilo
5081.0,2013.0,Dr. Fiorilo
5080.0,2013.0,Dr. Fiorilo
5079.0,2013.0,André Mariano
5078.0,2013.0,André Mariano
5077.0,2013.0,Oliveira Tresse
5076.0,2013.0,"Zé Márcio, Vagner de Oliveira, Noraldino Júnior, Betão"
5075.0,2013.0,Betão
5074.0,2013.0,Júlio Gasparette
5073.0,2013.0,Júlio Gasparette
5072.0,2013.0,Júlio Gasparette
5071.0,2013.0,Júlio Gasparette
5070.0,2013.0,Júlio Gasparette
5069.0,2013.0,Júlio Gasparette
5068.0,2013.0,Júlio Gasparette
5067.0,2013.0,Júlio Gasparette
5066.0,2013.0,Júlio Gasparette
5065.0,2013.0,Júlio Gasparette
5064.0,2013.0,Júlio Gasparette
5063.0,2013.0,Júlio Gasparette
5062.0,2013.0,Júlio Gasparette
5061.0,2013.0,Dr. Fiorilo
5060.0,2013.0,Dr. Fiorilo
5059.0,2013.0,Dr. Fiorilo
5058.0,2013.0,Dr. Fiorilo
5057.0,2013.0,Dr. Fiorilo
5056.0,2013.0,Dr. Fiorilo
5055.0,2013.0,Isauro Calais
5054.0,2013.0,Isauro Calais
5053.0,2013.0,Betão
5052.0,2013.0,Júlio Gasparette
5051.0,2013.0,Júlio Gasparette
5050.0,2013.0,Júlio Gasparette
5049.0,2013.0,Júlio Gasparette
5048.0,2013.0,Júlio Gasparette
5047.0,2013.0,Júlio Gasparette
5046.0,2013.0,Júlio Gasparette
5045.0,2013.0,Júlio Gasparette
5044.0,2013.0,Betão
5043.0,2013.0,Betão
5042.0,2013.0,Betão
5041.0,2013.0,Betão
5040.0,2013.0,Betão
5039.0,2013.0,Betão
5038.0,2013.0,Oliveira Tresse
5037.0,2013.0,Oliveira Tresse
5036.0,2013.0,Oliveira Tresse
5035.0,2013.0,Oliveira Tresse
5034.0,2013.0,Oliveira Tresse
5033.0,2013.0,Oliveira Tresse
5032.0,2013.0,Oliveira Tresse
5031.0,2013.0,Oliveira Tresse
5030.0,2013.0,Oliveira Tresse
5029.0,2013.0,Oliveira Tresse
5028.0,2013.0,Oliveira Tresse
5027.0,2013.0,Luiz Otávio Fernandes Coelho - Pardal
5026.0,2013.0,Luiz Otávio Fernandes Coelho - Pardal
5025.0,2013.0,Luiz Otávio Fernandes Coelho - Pardal
5024.0,2013.0,Luiz Otávio Fernandes Coelho - Pardal
5023.0,2013.0,Luiz Otávio Fernandes Coelho - Pardal
5022.0,2013.0,Luiz Otávio Fernandes Coelho - Pardal
5021.0,2013.0,Luiz Otávio Fernandes Coelho - Pardal
5020.0,2013.0,Luiz Otávio Fernandes Coelho - Pardal
5019.0,2013.0,Luiz Otávio Fernandes Coelho - Pardal
5018.0,2013.0,Dr. Fiorilo
5017.0,2013.0,Dr. Fiorilo
5016.0,2013.0,Cido Reis
5015.0,2013.0,Cido Reis
5014.0,2013.0,Cido Reis
5013.0,2013.0,Cido Reis
5012.0,2013.0,Zé Márcio
5011.0,2013.0,Júlio Gasparette
5010.0,2013.0,Júlio Gasparette
5009.0,2013.0,Júlio Gasparette
5008.0,2013.0,Júlio Gasparette
5007.0,2013.0,Júlio Gasparette
5006.0,2013.0,Júlio Gasparette
5005.0,2013.0,Júlio Gasparette
5004.0,2013.0,Júlio Gasparette
5003.0,2013.0,Júlio Gasparette
5002.0,2013.0,Júlio Gasparette
5001.0,2013.0,Júlio Gasparette
5000.0,2013.0,Júlio Gasparette
4999.0,2013.0,Rodrigo Mattos
4998.0,2013.0,Rodrigo Mattos
4997.0,2013.0,Nilton Militão
4996.0,2013.0,Nilton Militão
4995.0,2013.0,Nilton Militão
4994.0,2013.0,Dr. Fiorilo
4993.0,2013.0,Dr. Fiorilo
4992.0,2013.0,Dr. Fiorilo
4991.0,2013.0,Vagner de Oliveira
4990.0,2013.0,Vagner de Oliveira
4989.0,2013.0,Vagner de Oliveira
4988.0,2013.0,Vagner de Oliveira
4987.0,2013.0,Vagner de Oliveira
4986.0,2013.0,Chico Evangelista
4985.0,2013.0,Zé Márcio
4984.0,2013.0,"Jucelio, Zé Márcio"
4983.0,2013.0,"Jucelio, Zé Márcio"
4982.0,2013.0,Noraldino Júnior
4981.0,2013.0,Noraldino Júnior
4980.0,2013.0,Noraldino Júnior
4979.0,2013.0,Noraldino Júnior
4978.0,2013.0,Noraldino Júnior
4977.0,2013.0,Noraldino Júnior
4976.0,2013.0,Noraldino Júnior
4975.0,2013.0,Dr. Antônio Aguiar
4974.0,2013.0,Dr. Antônio Aguiar
4973.0,2013.0,Dr. Antônio Aguiar
4972.0,2013.0,Dr. Antônio Aguiar
4971.0,2013.0,Dr. Antônio Aguiar
4970.0,2013.0,Dr. Antônio Aguiar
4969.0,2013.0,Dr. Antônio Aguiar
4968.0,2013.0,Dr. Antônio Aguiar
4967.0,2013.0,Dr. Antônio Aguiar
4966.0,2013.0,Dr. Antônio Aguiar
4965.0,2013.0,Dr. Antônio Aguiar
4964.0,2013.0,Dr. Antônio Aguiar
4963.0,2013.0,Dr. Antônio Aguiar
4962.0,2013.0,André Mariano
4961.0,2013.0,André Mariano
4960.0,2013.0,André Mariano
4959.0,2013.0,André Mariano
4958.0,2013.0,André Mariano
4957.0,2013.0,André Mariano
4956.0,2013.0,Cido Reis
4955.0,2013.0,Júlio Gasparette
4954.0,2013.0,Júlio Gasparette
4953.0,2013.0,Júlio Gasparette
4952.0,2013.0,Júlio Gasparette
4951.0,2013.0,Júlio Gasparette
4950.0,2013.0,Júlio Gasparette
4949.0,2013.0,Júlio Gasparette
4948.0,2013.0,Júlio Gasparette
4947.0,2013.0,Júlio Gasparette
4946.0,2013.0,Júlio Gasparette
4945.0,2013.0,Vagner de Oliveira
4944.0,2013.0,Vagner de Oliveira
4943.0,2013.0,Vagner de Oliveira
4942.0,2013.0,Vagner de Oliveira
4941.0,2013.0,Vagner de Oliveira
4940.0,2013.0,Vagner de Oliveira
4939.0,2013.0,Vagner de Oliveira
4938.0,2013.0,Vagner de Oliveira
4937.0,2013.0,Vagner de Oliveira
4936.0,2013.0,Noraldino Júnior
4935.0,2013.0,Noraldino Júnior
4934.0,2013.0,Noraldino Júnior
4933.0,2013.0,Noraldino Júnior
4932.0,2013.0,Noraldino Júnior
4931.0,2013.0,Noraldino Júnior
4930.0,2013.0,Noraldino Júnior
4929.0,2013.0,Noraldino Júnior
4928.0,2013.0,Noraldino Júnior
4927.0,2013.0,Noraldino Júnior
4926.0,2013.0,Jucelio
4925.0,2013.0,Jucelio
4924.0,2013.0,Dr. Fiorilo
4923.0,2013.0,Dr. Fiorilo
4922.0,2013.0,Dr. Fiorilo
4921.0,2013.0,Dr. Fiorilo
4920.0,2013.0,Dr. Fiorilo
4919.0,2013.0,Dr. Fiorilo
4918.0,2013.0,Dr. Fiorilo
4917.0,2013.0,Dr. Fiorilo
4916.0,2013.0,Dr. Fiorilo
4915.0,2013.0,Dr. Fiorilo
4914.0,2013.0,Ana Rossignoli
4913.0,2013.0,Ana Rossignoli
4912.0,2013.0,Oliveira Tresse
4911.0,2013.0,Oliveira Tresse
4910.0,2013.0,Oliveira Tresse
4909.0,2013.0,Oliveira Tresse
4908.0,2013.0,Oliveira Tresse
4907.0,2013.0,Oliveira Tresse
4906.0,2013.0,Oliveira Tresse
4905.0,2013.0,Oliveira Tresse
4904.0,2013.0,Oliveira Tresse
4903.0,2013.0,Noraldino Júnior
4902.0,2013.0,Noraldino Júnior
4901.0,2013.0,Noraldino Júnior
4900.0,2013.0,Noraldino Júnior
4899.0,2013.0,Noraldino Júnior
4898.0,2013.0,Noraldino Júnior
4897.0,2013.0,Noraldino Júnior
4896.0,2013.0,Noraldino Júnior
4895.0,2013.0,Noraldino Júnior
4894.0,2013.0,Noraldino Júnior
4893.0,2013.0,Noraldino Júnior
4892.0,2013.0,Noraldino Júnior
4891.0,2013.0,Noraldino Júnior
4890.0,2013.0,Noraldino Júnior
4889.0,2013.0,Noraldino Júnior
4888.0,2013.0,Nilton Militão
4887.0,2013.0,Nilton Militão
4886.0,2013.0,Nilton Militão
4885.0,2013.0,Nilton Militão
4884.0,2013.0,Nilton Militão
4883.0,2013.0,Nilton Militão
4882.0,2013.0,Nilton Militão
4881.0,2013.0,Nilton Militão
4880.0,2013.0,Nilton Militão
4879.0,2013.0,Nilton Militão
4878.0,2013.0,Luiz Otávio Fernandes Coelho - Pardal
4877.0,2013.0,Luiz Otávio Fernandes Coelho - Pardal
4876.0,2013.0,Luiz Otávio Fernandes Coelho - Pardal
4875.0,2013.0,Luiz Otávio Fernandes Coelho - Pardal
4874.0,2013.0,Luiz Otávio Fernandes Coelho - Pardal
4873.0,2013.0,Isauro Calais
4872.0,2013.0,Isauro Calais
4871.0,2013.0,Chico Evangelista
4870.0,2013.0,Chico Evangelista
4869.0,2013.0,Cido Reis
4868.0,2013.0,Cido Reis
4867.0,2013.0,Cido Reis
4866.0,2013.0,Cido Reis
4865.0,2013.0,Cido Reis
4864.0,2013.0,Cido Reis
4863.0,2013.0,Cido Reis
4862.0,2013.0,Cido Reis
4861.0,2013.0,Cido Reis
4860.0,2013.0,Cido Reis
4859.0,2013.0,Cido Reis
4858.0,2013.0,Cido Reis
4857.0,2013.0,Cido Reis
4856.0,2013.0,Cido Reis
4855.0,2013.0,Cido Reis
4854.0,2013.0,Cido Reis
4853.0,2013.0,Ana Rossignoli
4852.0,2013.0,Cido Reis
4851.0,2013.0,Dr. Antônio Aguiar
4848.0,2013.0,Júlio Gasparette
4847.0,2013.0,Júlio Gasparette
4846.0,2013.0,Júlio Gasparette
4845.0,2013.0,Júlio Gasparette
4844.0,2013.0,Júlio Gasparette
4843.0,2013.0,Júlio Gasparette
4842.0,2013.0,Júlio Gasparette
4841.0,2013.0,Júlio Gasparette
4840.0,2013.0,Júlio Gasparette
4839.0,2013.0,Noraldino Júnior
4838.0,2013.0,Noraldino Júnior
4837.0,2013.0,Noraldino Júnior
4836.0,2013.0,Noraldino Júnior
4835.0,2013.0,Noraldino Júnior
4834.0,2013.0,Noraldino Júnior
4833.0,2013.0,Noraldino Júnior
4832.0,2013.0,Noraldino Júnior
4831.0,2013.0,Noraldino Júnior
4830.0,2013.0,Noraldino Júnior
4829.0,2013.0,Noraldino Júnior
4828.0,2013.0,Noraldino Júnior
4827.0,2013.0,Noraldino Júnior
4826.0,2013.0,Noraldino Júnior
4825.0,2013.0,Noraldino Júnior
4824.0,2013.0,Noraldino Júnior
4823.0,2013.0,Noraldino Júnior
4822.0,2013.0,Noraldino Júnior
4821.0,2013.0,Dr. Fiorilo
4820.0,2013.0,Dr. Fiorilo
4819.0,2013.0,Dr. Fiorilo
4818.0,2013.0,Dr. Fiorilo
4817.0,2013.0,Dr. Fiorilo
4816.0,2013.0,Dr. Fiorilo
4815.0,2013.0,Dr. Fiorilo
4814.0,2013.0,Dr. Fiorilo
4813.0,2013.0,Dr. Fiorilo
4812.0,2013.0,Dr. Fiorilo
4811.0,2013.0,Dr. Fiorilo
4810.0,2013.0,Chico Evangelista
4809.0,2013.0,Chico Evangelista
4808.0,2013.0,Chico Evangelista
4807.0,2013.0,Chico Evangelista
4806.0,2013.0,Chico Evangelista
4805.0,2013.0,Wanderson Castelar
4804.0,2013.0,Zé Márcio
4803.0,2013.0,Noraldino Júnior
4802.0,2013.0,Noraldino Júnior
4801.0,2013.0,Noraldino Júnior
4800.0,2013.0,Noraldino Júnior
4799.0,2013.0,Noraldino Júnior
4798.0,2013.0,Noraldino Júnior
4797.0,2013.0,Noraldino Júnior
4796.0,2013.0,Noraldino Júnior
4795.0,2013.0,Noraldino Júnior
4794.0,2013.0,Noraldino Júnior
4793.0,2013.0,Noraldino Júnior
4792.0,2013.0,Noraldino Júnior
4791.0,2013.0,Noraldino Júnior
4790.0,2013.0,Noraldino Júnior
4789.0,2013.0,Noraldino Júnior
4788.0,2013.0,Noraldino Júnior
4787.0,2013.0,Noraldino Júnior
4786.0,2013.0,Noraldino Júnior
4785.0,2013.0,Noraldino Júnior
4784.0,2013.0,Wanderson Castelar
4783.0,2013.0,Wanderson Castelar
4782.0,2013.0,Zé Márcio
4781.0,2013.0,Zé Márcio
4780.0,2013.0,Cido Reis
4779.0,2013.0,Cido Reis
4778.0,2013.0,Cido Reis
4777.0,2013.0,Cido Reis
4776.0,2013.0,Cido Reis
4775.0,2013.0,Cido Reis
4774.0,2013.0,Wanderson Castelar
4773.0,2013.0,Betão
4772.0,2013.0,"Isauro Calais, Ana Rossignoli, André Mariano, Dr. Antônio Aguiar, Cido Reis, Chico Evangelista, Vagner de Oliveira, Dr. Fiorilo, Zé Márcio, João do Joaninho, Jucelio, Júlio Gasparette, Luiz Otávio Fernandes Coelho - Pardal, Nilton Militão, Noraldino Júnior, Oliveira Tresse, Betão, Rodrigo Mattos, Wanderson Castelar"
4771.0,2013.0,"Isauro Calais, Ana Rossignoli, André Mariano, Dr. Antônio Aguiar, Cido Reis, Chico Evangelista, Vagner de Oliveira, Dr. Fiorilo, Zé Márcio, João do Joaninho, Jucelio, Júlio Gasparette, Luiz Otávio Fernandes Coelho - Pardal, Nilton Militão, Noraldino Júnior, Oliveira Tresse, Betão, Rodrigo Mattos, Wanderson Castelar"
4769.0,2013.0,Oliveira Tresse
4768.0,2013.0,Oliveira Tresse
4767.0,2013.0,Oliveira Tresse
4766.0,2013.0,Oliveira Tresse
4765.0,2013.0,Oliveira Tresse
4764.0,2013.0,Oliveira Tresse
4763.0,2013.0,Oliveira Tresse
4762.0,2013.0,Oliveira Tresse
4761.0,2013.0,Oliveira Tresse
4760.0,2013.0,Oliveira Tresse
4759.0,2013.0,Oliveira Tresse
4758.0,2013.0,Oliveira Tresse
4757.0,2013.0,Oliveira Tresse
4756.0,2013.0,Oliveira Tresse
4755.0,2013.0,Oliveira Tresse
4754.0,2013.0,Oliveira Tresse
4753.0,2013.0,Oliveira Tresse
4752.0,2013.0,Oliveira Tresse
4751.0,2013.0,Noraldino Júnior
4750.0,2013.0,Noraldino Júnior
4749.0,2013.0,Noraldino Júnior
4748.0,2013.0,Noraldino Júnior
4747.0,2013.0,Noraldino Júnior
4746.0,2013.0,Noraldino Júnior
4745.0,2013.0,Noraldino Júnior
4744.0,2013.0,Noraldino Júnior
4743.0,2013.0,Noraldino Júnior
4742.0,2013.0,Noraldino Júnior
4741.0,2013.0,Noraldino Júnior
4740.0,2013.0,Nilton Militão
4739.0,2013.0,Nilton Militão
4738.0,2013.0,Jucelio
4737.0,2013.0,Jucelio
4736.0,2013.0,Jucelio
4735.0,2013.0,Jucelio
4734.0,2013.0,Jucelio
4733.0,2013.0,Jucelio
4732.0,2013.0,Jucelio
4731.0,2013.0,Jucelio
4730.0,2013.0,Jucelio
4729.0,2013.0,Jucelio
4728.0,2013.0,Dr. Fiorilo
4727.0,2013.0,Dr. Fiorilo
4726.0,2013.0,Dr. Fiorilo
4725.0,2013.0,Dr. Fiorilo
4724.0,2013.0,Dr. Fiorilo
4722.0,2013.0,Dr. Fiorilo
4721.0,2013.0,Isauro Calais
4720.0,2013.0,Isauro Calais
4719.0,2013.0,Isauro Calais
4718.0,2013.0,Isauro Calais
4717.0,2013.0,Isauro Calais
4716.0,2013.0,Isauro Calais
4715.0,2013.0,Isauro Calais
4714.0,2013.0,Isauro Calais
4713.0,2013.0,Isauro Calais
4712.0,2013.0,Chico Evangelista
4711.0,2013.0,Chico Evangelista
4710.0,2013.0,Chico Evangelista
4709.0,2013.0,Chico Evangelista
4708.0,2013.0,Chico Evangelista
4707.0,2013.0,Chico Evangelista
4706.0,2013.0,Cido Reis
4705.0,2013.0,Cido Reis
4703.0,2013.0,Cido Reis
4702.0,2013.0,Dr. Antônio Aguiar
4701.0,2013.0,Dr. Antônio Aguiar
4700.0,2013.0,Dr. Antônio Aguiar
4699.0,2013.0,Dr. Antônio Aguiar
4698.0,2013.0,Dr. Antônio Aguiar
4697.0,2013.0,Dr. Antônio Aguiar
4696.0,2013.0,Dr. Antônio Aguiar
4695.0,2013.0,Dr. Antônio Aguiar
4694.0,2013.0,Dr. Antônio Aguiar
4693.0,2013.0,Dr. Antônio Aguiar
4692.0,2013.0,Luiz Otávio Fernandes Coelho - Pardal
4688.0,2013.0,"Isauro Calais, Ana Rossignoli, Vagner de Oliveira, Rodrigo Mattos"
4686.0,2013.0,Júlio Gasparette
4685.0,2013.0,Júlio Gasparette
4684.0,2013.0,Júlio Gasparette
4683.0,2013.0,Júlio Gasparette
4682.0,2013.0,Júlio Gasparette
4681.0,2013.0,Júlio Gasparette
4680.0,2013.0,Júlio Gasparette
4679.0,2013.0,Júlio Gasparette
4678.0,2013.0,Júlio Gasparette
4677.0,2013.0,Júlio Gasparette
4676.0,2013.0,Júlio Gasparette
4675.0,2013.0,Júlio Gasparette
4674.0,2013.0,Júlio Gasparette
4672.0,2013.0,Júlio Gasparette
4671.0,2013.0,Júlio Gasparette
4670.0,2013.0,Júlio Gasparette
4669.0,2013.0,Júlio Gasparette
4668.0,2013.0,Júlio Gasparette
4667.0,2013.0,Wanderson Castelar
4666.0,2013.0,Wanderson Castelar
4665.0,2013.0,Betão
4664.0,2013.0,Betão
4663.0,2013.0,Betão
4662.0,2013.0,Betão
4661.0,2013.0,Betão
4660.0,2013.0,João do Joaninho
4659.0,2013.0,João do Joaninho
4658.0,2013.0,João do Joaninho
4657.0,2013.0,João do Joaninho
4656.0,2013.0,João do Joaninho
4655.0,2013.0,Chico Evangelista
4654.0,2013.0,Chico Evangelista
4653.0,2013.0,Chico Evangelista
4652.0,2013.0,Chico Evangelista
4651.0,2013.0,Chico Evangelista
4650.0,2013.0,Chico Evangelista
4649.0,2013.0,Chico Evangelista
4648.0,2013.0,Chico Evangelista
4647.0,2013.0,Cido Reis
4646.0,2013.0,Cido Reis
4645.0,2013.0,André Mariano
4644.0,2013.0,André Mariano
4643.0,2013.0,André Mariano
4642.0,2013.0,Luiz Otávio Fernandes Coelho - Pardal
4640.0,2013.0,Júlio Gasparette
4639.0,2013.0,Júlio Gasparette
4638.0,2013.0,Júlio Gasparette
4637.0,2013.0,Júlio Gasparette
4636.0,2013.0,Júlio Gasparette
4635.0,2013.0,Júlio Gasparette
4634.0,2013.0,Júlio Gasparette
4633.0,2013.0,Júlio Gasparette
4632.0,2013.0,Júlio Gasparette
4631.0,2013.0,Júlio Gasparette
4630.0,2013.0,Júlio Gasparette
4629.0,2013.0,Júlio Gasparette
4628.0,2013.0,Júlio Gasparette
4627.0,2013.0,Júlio Gasparette
4626.0,2013.0,Júlio Gasparette
4625.0,2013.0,Vagner de Oliveira
4624.0,2013.0,Vagner de Oliveira
4623.0,2013.0,Vagner de Oliveira
4622.0,2013.0,Nilton Militão
4621.0,2013.0,Nilton Militão
4620.0,2013.0,Nilton Militão
4619.0,2013.0,Nilton Militão
4618.0,2013.0,Nilton Militão
4617.0,2013.0,Nilton Militão
4616.0,2013.0,Luiz Otávio Fernandes Coelho - Pardal
4615.0,2013.0,Luiz Otávio Fernandes Coelho - Pardal
4614.0,2013.0,Luiz Otávio Fernandes Coelho - Pardal
4613.0,2013.0,Luiz Otávio Fernandes Coelho - Pardal
4612.0,2013.0,Luiz Otávio Fernandes Coelho - Pardal
4611.0,2013.0,Luiz Otávio Fernandes Coelho - Pardal
4610.0,2013.0,Luiz Otávio Fernandes Coelho - Pardal
4609.0,2013.0,Luiz Otávio Fernandes Coelho - Pardal
4608.0,2013.0,Luiz Otávio Fernandes Coelho - Pardal
4607.0,2013.0,Luiz Otávio Fernandes Coelho - Pardal
4606.0,2013.0,João do Joaninho
4605.0,2013.0,João do Joaninho
4604.0,2013.0,João do Joaninho
4603.0,2013.0,João do Joaninho
4602.0,2013.0,João do Joaninho
4601.0,2013.0,João do Joaninho
4600.0,2013.0,João do Joaninho
4599.0,2013.0,João do Joaninho
4598.0,2013.0,João do Joaninho
4597.0,2013.0,João do Joaninho
4596.0,2013.0,João do Joaninho
4595.0,2013.0,João do Joaninho
4594.0,2013.0,João do Joaninho
4593.0,2013.0,João do Joaninho
4592.0,2013.0,João do Joaninho
4591.0,2013.0,João do Joaninho
4590.0,2013.0,João do Joaninho
4589.0,2013.0,Jucelio
